{
  "annual_return": 0.04539519530810687,
  "annual_vol": 0.14011465249198632,
  "avg_loss": -0.0060441085104123715,
  "avg_win": 0.006456339091197029,
  "avg_win_loss_ratio": 1.0682037028412867,
  "calmar": 0.17329951482886521,
  "final_nav": 1.6284688563099745,
  "hit_rate": 0.48988439306358383,
  "max_drawdown": 0.2619464650719595,
  "sharpe": 0.3867673527494419,
  "sortino": 0.5748451248123491,
  "turnover_annual_x": 85.62594686215182
}