{
  "perfect_foresight": {
    "sharpe_with_lookahead": 42.97479851267696,
    "sharpe_with_shift": -0.36472487460241587
  },
  "random_alpha": {
    "mean_sharpe": 0.0,
    "std_sharpe": 0.4007386864437053,
    "trials": [
      -0.37015171425940013,
      0.37015171425940013,
      0.04921422551354538,
      -0.04921422551354538,
      0.18390069899678604,
      -0.18390069899678604,
      -0.0067718376806616834,
      0.0067718376806616834,
      0.04536236238093042,
      -0.04536236238093042,
      0.19184399827429116,
      -0.19184399827429116,
      0.29159355817189947,
      -0.29159355817189947,
      0.1424889940457999,
      -0.1424889940457999,
      -0.39307338842502604,
      0.39307338842502604,
      1.0648553060453818,
      -1.0648553060453818
    ]
  },
  "reverse_strategy": {
    "original_sharpe": 0.6856854782313682,
    "reversed_sharpe": -0.6856854782313682
  }
}