factor_name,rank_autocorr_mean,rank_autocorr_median,signal_half_life_days,quantile_turnover_mean,top_quantile_turnover_mean,bottom_quantile_turnover_mean
momentum_12_1,0.9944622007168689,0.995232286266138,124.8196465616661,0.33164291862643086,0.10742873190318646,0.10418149962540325
short_term_reversal,0.9368598615298077,0.9423982131437783,10.62757603137092,0.9708710513549054,0.3839185185335274,0.3890514755093852
week_52_high,0.9740632980730572,0.9798611565423729,26.376477504054176,0.61026753781832,0.635216763337279,0.10365021050726829
idiosyncratic_vol,0.9931323932184213,0.9955451819657796,100.58297419961612,0.2163978384298782,0.10703285492799622,0.054268810559943655
beta_inverse,0.9937781870026312,0.9974879271217258,111.05904689958358,0.3046129279009295,0.10476350692870522,0.10137685855817002
realized_vol,0.9946775431378042,0.9965325674733845,129.88379892674854,0.21668258140819457,0.10383802190046278,0.0562291266213726
