,momentum_12_1,short_term_reversal,week_52_high,idiosyncratic_vol,beta_inverse,realized_vol
momentum_12_1,1.0,0.0015269571943978568,0.49551388033630517,0.07076033071221326,0.034695010032498086,0.08650128582462283
short_term_reversal,0.0015269571943978568,1.0,-0.47678611702287194,-0.007254008193493326,-0.015310284547929197,-0.011784174924558244
week_52_high,0.49551388033630517,-0.47678611702287194,1.0,0.40561863055911374,0.2870139536371512,0.449274016390161
idiosyncratic_vol,0.07076033071221326,-0.007254008193493326,0.40561863055911374,1.0,0.33262278081099284,0.8933691591199411
beta_inverse,0.034695010032498086,-0.015310284547929197,0.2870139536371512,0.33262278081099284,1.0,0.6507662779874985
realized_vol,0.08650128582462283,-0.011784174924558244,0.449274016390161,0.8933691591199411,0.6507662779874985,1.0
