component,eigenvalue,explained_variance_ratio,cumulative_explained_variance
PC1,2.7170312326235084,0.45283853877058367,0.45283853877058367
PC2,1.405341420642861,0.23422357010714293,0.6870621088777266
PC3,0.9899619472594688,0.16499365787657774,0.8520557667543043
PC4,0.656458571653551,0.10940976194225825,0.9614655286965625
PC5,0.21751680077358124,0.03625280012893012,0.9977183288254927
PC6,0.013690027047043389,0.0022816711745072263,0.9999999999999999
