regime,n_days,ann_return,ann_sharpe,max_dd,hit_rate,beta_to_market
full_sample,2707,0.10910332102437748,0.7985362169698159,-0.2171849475066021,0.5157000369412634,0.18648481773652484
high_vol,687,0.4171989402642873,1.8662746094010827,-0.1672618896353616,0.5327510917030568,0.19029782175607998
low_vol,683,0.08291932638841093,0.9094519038744711,-0.1061189006387554,0.5065885797950219,0.13093560838650217
market_drawdown,677,0.017704385890817464,0.1869728080732021,-0.21705136001037673,0.47858197932053176,0.18137051931051226
market_uptrend,677,0.23760914444647052,1.6338273193450992,-0.13180975208347923,0.5494830132939439,0.14518244144888393
covid_crash_2020,24,-0.27343274704999165,-0.7047581859218573,-0.1672618896353617,0.4583333333333333,0.09150683320737919
rate_shock_2022,198,0.29220396243988533,1.4422365096748015,-0.09242567681924607,0.5,0.27653694784662136
