factor_name,mean_exposure,exposure_std,variance_share,mean_factor_pnl,pnl_tstat
momentum_12_1,-0.5424946925936103,0.5682894928527131,-0.18045948629767775,5.135658440474795e-05,0.5030915269555779
short_term_reversal,1.3602195931558838,0.4785580895681221,0.2577665034261183,0.00012651654558388153,1.2843791560085065
week_52_high,-2.272576173391339,0.6349662095923743,-0.4847490059501523,-0.00021354710147765003,-1.7869351123682355
idiosyncratic_vol,-2.0113058318331567,0.39225098985538304,-0.37235768145360326,-0.000255378046926529,-2.541414525099531
beta_inverse,-0.07188017650480277,0.07030782351341752,-0.3611206871154406,-0.00017013596380648113,-1.3599498919675823
realized_vol,-1.6692070380307664,0.41003485080934626,-0.43527632631729984,-0.00026919430293695254,-2.2065956331448837
