beta_assumption,realized_beta,market_shock,production_gross,expected_portfolio_loss
full_sample,0.216,-0.1,1.4049873606312526,-0.03034772698963506
full_sample,0.216,-0.2,1.4049873606312526,-0.06069545397927012
full_sample,0.216,-0.3,1.4049873606312526,-0.09104318096890517
post_2020,0.236,-0.1,1.4049873606312526,-0.03315770171089756
post_2020,0.236,-0.2,1.4049873606312526,-0.06631540342179512
post_2020,0.236,-0.3,1.4049873606312526,-0.09947310513269267
