metric,value
mean,0.2334507532660849
median,0.05422055882415926
p75,0.1712230235312594
p95,1.062614908847288
p99,1.4086430241569143
max,1.7843968896937743
rotation_days_gt_50pct,551.0
rotation_days_gt_100pct,181.0
rebalance_day_mean,0.06981916362714762
non_rebalance_day_mean,0.2744141064789052
non_rebalance_day_p95,1.1037007508243006
hist_0-5%,1311.0
hist_5-10%,516.0
hist_10-25%,338.0
hist_25-50%,51.0
hist_50-100%,370.0
hist_>100%,181.0
