{
  "annualized_return": 0.0610195470121799,
  "annualized_sharpe": 0.4911325180889453,
  "average_abs_net_beta": 3.1445980326916406e-16,
  "average_daily_turnover": 0.1710949906079515,
  "average_gross_leverage": 1.9559248554913296,
  "average_net_beta": 1.1560550981389584e-17,
  "average_sector_concentration_long": 0.1962879791456923,
  "average_sector_concentration_short": 0.2552680039193978,
  "cost_bps": 10,
  "hit_rate": 0.5086811968969339,
  "large_beta_exposure_days": 0,
  "long_turnover": 0.0614962374824946,
  "max_drawdown": -0.2442149432332118,
  "max_gross_leverage": 2.000000000000001,
  "n_days": 2707,
  "net_cumulative_return": 0.8893927043342629,
  "realized_beta_2014_2019": 0.1645729396921147,
  "realized_beta_2020_2024": 0.2361216601193851,
  "realized_beta_to_proxy": 0.2156847078573169,
  "short_turnover": 0.1097710989477398,
  "source_grid": "results/pillar4_stage45_neutralization_grid.csv",
  "source_proxy": "results/pillar4_stage45_proxy_diagnostics.csv",
  "variant": "V3_beta_neutral_sector_capped_fm_weekly_adv20"
}